Row Number,FEN,Move
1,r2qkbnr/pbppp1p1/1p3p1p/8/P2n1PP1/3PP3/1PPB3P/RN1QKBNR w KQkq - 1 7,d4e5
2,rnbqkb1r/pp1ppp2/5npp/3P4/1Pp4P/P7/2PKPPP1/RNBQ1BNR b kq - 0 6,d4e5
3,5bnr/1r2k3/1N1qbp1p/ppp1p1p1/Pn4PP/R1P1P1K1/1P6/2B1QBNR w - - 3 23,d4e5
4,r1b1qk2/1ppp1pp1/n3r3/p2P4/P1PQpPnp/bP5P/R3P1P1/BN1K1BN1 b - - 7 21,d4e5
7,rnbqk1nr/2pp3p/5ppb/pp2P3/2P5/3K2PB/PP2PP1P/RNBQ2NR w k - 4 10,d4e5
8,r1bq1bnr/ppp1pk2/n4p1p/3p4/1P3Pp1/P5PP/R1PPPK2/1NBQ1BNR w - - 0 8,d4e5
9,rqb2k1r/p7/1pp1pBpN/3nP3/5p1P/3P2P1/PP2NP2/Q3KB1R b - - 1 23,d4e5
11,r2qkbn1/1pp3pr/p2p1p2/3Pp2p/P1P1PP1P/5B1Q/2PN1KP1/R1B3R1 b - - 2 20,d4e5
12,rn1qkbr1/pb1ppp1p/5np1/2p5/1pPPP3/N4N2/PP3PPP/R1BQKB1R b KQq - 2 10,d4e5
13,r5nr/6k1/n1p2ppp/1pP5/p4Pb1/P3P1PN/RPP1K1BP/2B2N1R w - - 2 25,d4e5
16,rnbq2nr/p1p1bkpp/3pp3/1pN2p2/5PP1/2P5/PP1PP2P/RNBQKB1R w KQ - 1 9,d4e5
18,rn1qkb1r/pb1p1ppp/1pp4n/4p1N1/8/5N2/PPPPPPPP/R1BQKBR1 w Qkq - 2 6,d4e5
19,r1b2Qnr/p1k5/n1pp1pp1/1pP4p/PP4PP/N1Pq3R/3BPP2/1R2KB2 b - - 1 21,d4e5
21,rnb2br1/1p3k1n/p1p1N3/3p2pp/4P1PP/P1N5/1PPP1KB1/R1B4R w - - 1 13,d4e5
24,1nb1k2r/r1pp1pp1/1p1Pq2p/p5B1/2P2P1P/Q7/PP2PKP1/RN3BNR w k - 3 13,d4e5
27,2b1k2r/r1q2p1p/pppppPp1/3P2b1/5P2/3K2P1/PP1P2BP/RNBQ2NR w k - 0 14,d4e5
28,1n1N2nr/6kp/r6Q/4p3/4bP1b/P4P1P/1P1P3R/RNBK1B2 b - - 2 24,d4e5
30,rn1q2nr/p2pkppp/1pp5/1b6/2PKPQ2/b2B4/PP1P1PPP/RNB3NR b - - 4 12,d4e5
31,rnb2knr/1p1p1ppp/B2bp3/q1p5/8/2N1PP2/PPPP2PP/R1BQ1KNR b - - 2 7,d4e5
33,r3kb1r/pp1bqpp1/4p1Rp/2ppN3/1n4PP/1P1P4/P1P1PP2/1RBQKBN1 b - - 0 12,d4e5
34,rnq1kb2/3p1ppr/pp2p3/2p5/P3bP1Q/3P3P/1PPN2P1/R1B1KBNR b Kq - 2 16,d4e5
35,rn4nr/p2p2k1/b1P1pq1p/5QpP/6P1/P2P4/RP3N2/1NB1KB1R w - - 1 20,d4e5
38,r1qk2nr/pp2p2p/n1p2ppb/5b1P/3Pp3/2Q1K2N/PPP2PP1/RNB2BR1 w - - 2 13,d4e5
39,1nbqkbnr/rpp1p2p/p7/3p1pp1/1P1P4/P4P2/2P1P1PP/RNBQKBNR w KQk - 1 7,d4e5
42,rnb1k2r/pp1p1p2/3b2pn/2p1p2p/Q1P1P3/P7/RP1P1PPP/1NB1KB1R w Kkq - 0 12,d4e5
45,rn3b1r/1p2k1n1/2q3p1/2PP1p1p/b2N1p1P/B7/2PPNPPR/R3KB2 b - - 1 21,d4e5
46,r1bq2r1/p1p2kpp/npp1pp2/5Pn1/3P4/1PP3bP/R2NP1K1/2BQ2NR w - - 2 19,d4e5
48,rn2k1nr/p1ppqp2/bb5p/1p6/P1P1Q2N/6R1/3PP1PP/1NBK1B1R w kq - 3 18,d4e5
49,r2qkb1r/pppnp1p1/3p1p1n/7p/2NP2b1/P3P1P1/1PP1BP1P/R1BQK1NR b KQkq - 2 7,d4e5
50,rnb2b2/1p3p2/2ppkBpn/1P1p4/Q5rp/P1P3P1/R3P1BP/1N2K1R1 w - - 0 21,d4e5
52,2rq1bnr/p3pkp1/n1pp4/1p3p1p/1P1P2b1/5PP1/P1PKPNBP/RNBQ3R b - - 3 12,d4e5
53,2rk2nr/pp3p2/n1pp3p/1N1P1bp1/2PbpP2/P5BP/1P2P1P1/R3KBNR w K - 1 20,d4e5
54,r3n2r/p1pb2bp/2k1p1p1/1pn2p2/P2PpP1P/NP5N/1BP1Q1P1/4KB1R w - - 1 19,d4e5
56,1rbq1bn1/nppppk2/6rp/5pp1/7P/Bp1PPPP1/P1PQ4/RN2KBNR w - - 0 15,d4e5
57,rnbqkb2/pp1pp2p/5pr1/1Bp2npQ/2P1PP1P/P5P1/1P1P4/RNB1K1NR b KQq - 0 8,d4e5
58,2r2n2/pb2kp2/1qppr2b/np1Qp2p/P3P2P/1PPP2p1/4K3/RNB2BNR w - - 2 25,d4e5
60,rn1k1bnr/3ppQpp/p7/1ppb1p2/6q1/P1PP3P/1B2PP1R/RN2KBN1 w Q - 0 11,d4e5
62,rn1k2r1/pq1pb2p/b6P/1pp3p1/P1Pp1p2/N2QPB2/1P2KP1P/R1B3NR b - - 3 18,d4e5
63,r1Qnkbnr/1p2p1pp/5p2/p1pp4/2P2P2/8/PP1PPKP1/RNB2BNR w kq - 0 10,d4e5
64,rnb1kb1r/ppq1p2p/6p1/P1pPN3/4nPp1/4R2P/1P1PP3/1NBQKB1R b Kkq - 3 13,d4e5
65,1rb1kN2/1p2ppp1/p2p3r/2p2P1p/4nBPP/1qPP3B/1P2P1K1/RN1Q2R1 w - - 6 22,d4e5
66,q1r2bn1/pp1k3r/2bppp1p/2p3pB/1nPPPQP1/7N/PP3P1P/1RBNK1R1 b - - 1 18,d4e5
68,r1bqk1nr/pppnpp2/8/2Pp2pp/Q2b2P1/N4N1P/PP1PPP2/R1B1KB1R w KQkq - 3 8,d4e5
69,rnb2b2/1p2p1rp/2pk2q1/p4p2/3PPPpP/NP4n1/P1KB2P1/R5NR w - - 0 20,d4e5
70,2rqkbnr/pb1p1p1p/4p2Q/1p4p1/2p1PP1P/BPP5/P1nPB1P1/RN1K2NR b k - 9 14,d4e5
71,r1b1kb1r/p2qpppp/1pp4n/1Pnp4/2P1P2P/1Q1B4/P2P1PP1/RNB1K1NR b KQkq - 0 8,d4e5
72,1rbqk2r/1p1pn2p/3bp1N1/p1p2P2/1P5P/2PPP1B1/P2K3R/RN1Q1B2 w k - 6 18,e3e5
73,rn5r/1b1qk3/p1p1Pbpn/5p2/5PPp/P2P3B/1PPNQ2P/RN3K1R b - - 3 22,d4e5
74,r1Bqr1k1/p4N2/1p1p3p/2p2P2/PP4n1/2p1B1p1/5PPP/R1Q1K2R w KQ - 0 21,d4e5
78,rn1q1bnr/4k3/Bppp3p/2P1p2P/4P1R1/Pp1P1p2/2QB1P2/RN3K2 w - - 1 23,d4e5
79,1n3b1r/1pp1n2p/B2q2k1/p3ppp1/2P1Q1P1/P2P1K2/RP1N1P1P/2B1R3 b - - 4 22,d4e5
80,rn3bn1/N1ppqk1r/1p2p1p1/7p/3P4/1PPb1PP1/1B3PBP/1R2K1NR w K - 0 17,d4e5
81,rnq1kbnr/p1p2p1p/4p3/1p1p2p1/PP4Q1/3PP1Nb/R1P2PPP/2B1KBNR b Kkq - 1 9,d4e5
89,rnb1k1nr/pppp1pp1/7p/4p2q/6PN/b1NP4/1PP1PP1P/R1BQKB1R b KQkq - 1 6,d4e5
90,2r1k1nr/2pnb2p/p2pp3/1p6/3N3q/P1Pb1pPP/1PQB1P2/RN2K1R1 w Qk - 1 20,e4f5
92,r1b1k1nr/p1pq2b1/2nppp2/1p3P1p/3P2p1/1PPK2PN/PNQ1P2P/R1B2B1R b k - 5 13,d4e5
94,r1bqkbn1/pppp1p2/4r1p1/2PQp2p/3PP1P1/B1P2PRN/P7/RN2KB2 b Qq - 4 15,d4e5
95,6rr/1bpk4/4p1p1/pN3pPp/1R3Pn1/2P1P3/P4N2/2B1KBR1 b - - 1 25,d4e5
98,r1bqkb1r/1ppppppp/7n/p7/8/NP3PP1/P1nPP2P/1RBQKBNR w Kkq - 0 6,d4e5
102,rn1qkbnr/p1pppppp/1p6/4P3/P5P1/3P4/1PP1bP1P/RNBQKB1R b KQkq - 0 6,d4e5
104,rnbq1b1r/ppNkpppp/8/3p4/2B1P2P/6n1/PPPP1PP1/R1BQK1NR b KQ - 2 6,d4e5
105,1rbqkbnr/pp1p2p1/2p5/4ppNp/2P5/1P1P2PB/P2P1P1P/R1BQK1NR w KQk - 0 9,d4e5
106,rn1k3r/p2bq1n1/2p2p1p/1p1p2N1/QPP2p1K/3P4/P2NP1BP/6RR b - - 3 23,a2a3
109,1n2k1n1/1p2ppbr/7p/P1p1pp2/P1P5/2NqPNKB/R5PP/2BQ3R w - - 1 19,d4e5
113,rnb1kbnr/p3pppp/8/1ppp4/1P1Pq1P1/2P1P2P/P4P2/RNB1KBNR w KQkq - 0 10,d4e5
115,r1bqkbnr/2pPp3/8/p5p1/1P3pp1/2P5/3PPP1P/RNBQKBNR b KQkq - 0 9,d4e5
116,r1b2bkr/pp2p2p/n3q2n/PP1p2p1/2pPPpP1/N6P/2PQKP1R/R1B2BN1 b - - 1 20,d4e5
118,rn2kbnr/pp3p2/6p1/2Pppb1p/3P3B/P1K2P1P/2Q1P1P1/RN3BNR b kq - 0 14,d4e5
119,rn1q1k1r/pbpQ3p/3b1p2/1p1np1p1/1P1PPB2/2NB3P/P1P2PP1/3R1KNR b - - 4 12,d4e5
120,rnbqkb1r/ppppp1pp/8/5p2/2NP1BP1/5P2/PPP1P1BP/R2QK1NR b KQkq - 0 7,d4e5
121,3qk1nr/rp1N1ppp/p1npb3/2p3P1/1P2p3/N3P3/P1PPKP1P/R1BQ1B1R b k - 2 11,d4e5
122,1nqk1bnr/1r5Q/1p1pp3/1PpP1p1p/p1P1P2P/N4PP1/P5BR/RbK1N3 b - - 0 23,d4e5
123,rnb1kbnr/2p1qp2/pp1p4/4p1pp/P1P5/7P/1P1PPPP1/RNBQKBNR w kq - 0 11,d4e5
124,1nb1kbr1/2rp1p1p/Q1p1p1pn/q2PP3/P7/2p2PPB/RPP4P/2B1K1NR b - - 0 16,d4e5
125,1r1k1bnr/pp2p1p1/n2pbp1p/1N1B4/2p1PP2/1P1P2PN/P1P4P/1RBQK1R1 b - - 0 14,c5c4
126,1n1qkb2/pr2pp1r/5n2/1b4B1/2pPP2p/1BP2P2/PP4PP/RN1K1RN1 w - - 1 20,d4e5
127,rnb1k1nr/pppqpp1p/7b/3p4/P2P2p1/2P5/1P2PPPP/RNBQKBNR w KQkq - 1 6,d4e5
128,r3k1r1/p1pp1pb1/qp2pnp1/4n3/7R/P3PN2/RBPN1PP1/2QK1B2 b q - 9 23,c6c5
129,1n1Bk1nr/r2ppp2/1p5b/p5p1/1PP1b1p1/B4P1P/P3P3/RN1QKBNR w KQk - 0 14,d4e5
130,r2k1b2/pp2pppr/2pp1n1p/2n5/4PPbP/q7/1P1PQ1P1/RNB1KBNR w KQ - 1 12,d4e5
132,1rb1k1nr/2n4p/B3pp1b/1p6/3PpP1P/8/PPPK4/R1B2QqR w k - 2 18,d4e5
133,rnbqkbnr/p2pp3/B6p/1pp2pp1/4P3/N1P4P/PP1P1PP1/R1BQK1NR b KQkq - 0 6,d4e5
134,2b1k2r/rp1pq2p/1P1b1n2/n1p1p1p1/4pN2/pQP2PPP/P2P1K2/RNB2BR1 b k - 1 16,d4e5
135,r1q1k2r/p1p2p2/b1nb2p1/1p1pp1pn/PP4P1/2P1P2P/1B1P1P2/R2QKBNR w KQkq - 2 17,d4e5
137,r1b1kb1r/pp2pppp/3p3n/2n5/PpPq2P1/4PP2/R1QN3P/2B1KBNR w Kkq - 1 13,d4e5
138,rnb1kbn1/3pp1pr/Bp6/q1p1Np1p/PP2P3/B7/2PP1PPP/RN1QK2R b KQq - 1 8,d4e5
139,rnbqkbn1/1pppppp1/3r4/p2P3p/P4P2/4N3/1PP1P1PP/R1BQKBNR w KQ - 1 8,d4e5
141,Qbb1k1nr/8/r3B1qp/3p1pp1/pp2P3/N2PB1P1/PPP2P1P/R3KR2 w Qk - 2 20,d4e5
143,1n1q1b1r/1r2n2p/1pPp1kpB/p1Q2p2/P3p3/5P1P/1PP1P1P1/RN1K1BNR b - - 4 22,d4e5
144,3r4/Qq1kn2p/2n1p2b/p1p3p1/2NPPpb1/7P/PP1KBPP1/1RB3NR b - - 0 23,d4e5
145,b2q1k2/2ppnP2/pr3n1b/4p1Pp/PPp4p/2NPP3/8/R1B1KBNR w K - 1 25,d4e5
147,r1bqkb1r/3pp2p/pp5n/2p2pp1/7P/Nn1Q2R1/PPPBPPP1/R3KBN1 b Qkq - 1 11,d4e5
148,r1bq1bnr/2pp1k1p/1pn1pp2/p5p1/1P1N1PQ1/4P3/P1PP2PP/RNB1KBR1 b Q - 0 8,d4e5
151,rn2kbnr/5pp1/pq1pp3/2p2b2/pPPP1Pp1/3BPN2/7P/RNBQK2R b kq - 2 11,d4e5
152,r1bqk1n1/1Bppbpp1/6rn/8/pPP3pP/3PR3/PB1KQ3/R5N1 b - - 4 25,d4e5
156,rn1qk1nr/1bpppp1p/6p1/p7/P1R5/N2Qb3/1PK1PPPP/5BNR b kq - 5 17,d4e5
157,rnbqkbnr/p1ppp1p1/1p6/5p1p/P4P2/BPNP4/2P1P1PP/2RQKBNR b Kkq - 0 7,d4e5
158,1rbqkb1r/pppppp2/n5pp/2N5/2P2Pn1/1P4PN/P2PP3/R1BQKB1R b KQk - 2 9,d4e5
160,rnbqkbn1/p2p2pr/1pp1p3/5p2/P6p/1RNP2P1/1PPBPP1P/3QKBNR w Kq - 2 8,d4e5
161,1r2k1n1/4b1p1/ppnq1P2/3p2rP/1Pp3bP/B1P1PN2/P2P2B1/R1Q1K1NR w - - 2 22,d4e5
162,2r4r/p1pp1Bkp/2b5/4qpb1/NP6/8/PBPP1nP1/R3K2R w Q - 0 23,d4e5
163,rn2k1n1/pbpp1pr1/4pq2/1p4Np/2P1P3/1P1PBQ2/P4PPP/R1b1KBR1 w Qq - 5 14,d4e5
165,rnq3r1/2ppk3/p2b1p1p/8/P2pNP1p/1P5N/1RPQPKBn/2B4R w - - 13 23,d4e5
166,1rb1k1nr/1p1qp2p/3p2pb/2p2nP1/1P6/P1N2P2/2PpBN1P/R1BQ1RK1 w k - 0 15,d4e5
167,1r3bnr/ppp2kpp/5pq1/3p3P/1PPP2PR/1P2Bp2/4PP2/R2QKBN1 w Q - 3 24,d4e5
169,rn3knr/p5pp/1p1p1pB1/b1pPpN2/P5P1/B1PbP1RP/5P2/RN1QK3 w Q - 3 20,d4e5
170,r2k1b1r/p2bp1pp/3p1n2/1N1B1p2/pqp2PP1/1nPPP2N/RP2Q2P/2B2K1R b - - 2 20,d4e5
171,r1b1kbn1/pp1p1p2/7p/q1p1p3/5BnQ/RPP2P2/3KP2P/1N3BNR b q - 3 18,d4e5
172,rnbqkbnr/ppppppp1/8/8/8/P2PB2B/1PP1pP1P/RN1QK2R w KQkq - 0 9,d4e5
175,1nb5/3kb1p1/rq3p1r/p1p1p1PQ/P3P2p/2PP1N1P/1P4P1/RNB2K1R w - - 1 16,d4e5
178,2r1kb1r/p1p4p/n2qp2n/1p1p2p1/b1PP1pP1/P1N2P2/1P1BPN1P/2R1KB1R b Kk - 5 18,d4e5
181,r1bk1r2/1p1pbp1p/n3p1p1/p1p5/PPq1NPn1/3PPN2/2P3PP/R1BQKB1R w - - 5 15,d4e5
182,rnbq1bn1/p2kpp1r/2pN4/1p2P1p1/P2p3p/2PP2PP/1P2QPBR/1RB1K1N1 w - - 0 15,d4e5
183,1n1qkbnr/rb2pppp/pp6/2pp4/P3P3/2P1Q3/1P1P1PPP/RNB1KBNR b KQk - 2 7,d4e5
184,r3k1n1/2pnpp2/1pb4b/p2pQ1p1/1P2P3/P2PB1P1/1RP1N2P/1N2K1R1 w q - 3 25,d4e5
185,rnB3kr/3p1pp1/1pp4Q/p2np2p/4P2P/b1NP1PP1/P1P5/R1B1K1NR b KQ - 5 16,d4e5
188,1rb3nr/p1p1qk2/n6p/3p1pp1/3B1P2/PpN3P1/1PP1PKBP/R1Q3NR b - - 1 21,c5d4
190,rn3bn1/pq1b1kr1/Bp2pp1p/2Pp2p1/P5PP/1P2P3/R1P2P2/1NBQK1NR b K - 4 14,d5e4
192,r1bqkbnr/p7/2p2pp1/1p1pp3/1PB1PP1P/2P5/P2PN1P1/R1B1K1NR w KQq - 0 12,d4e5
193,rnbq1bnr/1p5N/p1pBk3/3p3p/3P4/2P1K1PN/PP2Pp1P/R3QB1R b - - 1 18,d4e5
194,3qkbnr/2r1p2p/2p3p1/pN2n3/P1p2p2/3PB2N/1P2PPP1/R1Q1KB1R b Kk - 2 18,d4e5
195,2b1k2r/r2nnp1p/3bp3/pp2P1p1/PPpp1PP1/2PP1N2/1B1K1Q1P/RN3B1R w k - 2 22,d4e5
196,rnr3k1/2p2pp1/p2n3p/P1bp3P/1pP1p1P1/3P1K1N/1P6/RNB1QBR1 w - - 0 26,d4e5
197,1rbqkb1r/6p1/1pn1p1Pn/p1ppPB2/P1P2P1p/1QNP4/RP5P/1NB3KR b k - 2 20,d4e5
198,1rbqkbnr/p1ppp2p/n5p1/1p3p2/6P1/P1N1PP1N/1PPP3P/R1BQKB1R b KQk - 1 6,d4e5
200,1rb2bnr/2np1kpp/p6P/1pp1pp2/P6q/1PP2N2/3PPPP1/RNBQKB2 w Q - 0 11,d4e5
202,r1bqkb1r/1p1ppppp/p7/2p5/5PPP/P1PP2n1/1P1PR3/RNBQKBN1 w Qkq - 0 9,d4e5
203,rn1qk2r/pp2bp1p/2pp1np1/1P2p1P1/5PbP/3P3B/P1PKP3/RNB1Q1NR b kq - 0 10,d4e5
205,r1b1kbn1/pqp1p1pr/n4p2/1p1p3p/3PQP2/P1P4N/RP2PKPP/1NB2BR1 b q - 4 10,d4e5
206,r2k1bnr/1p1n2p1/p3p3/3p1p1R/P2pPPP1/6P1/2PP4/RNB1KBN1 b - - 0 16,d4e5
209,1n1q1bn1/r3pp2/p2Q2r1/6k1/8/NPPp2pR/PR1pB3/5KN1 b - - 0 24,e8e7
211,r1b1k2r/1p1p1pp1/p1nb4/1BP4p/3p1B2/2N3nN/P1P2PKP/3R1R2 w kq - 2 17,d4e5
212,1nbq4/1p3pp1/r1ppk3/b2n1pp1/pQ2P2r/N1PP2P1/PPB3K1/R1B2R2 b - - 1 22,d4e5
213,1nbq2r1/r1pk4/1p1pp1p1/PN3p1p/3b3P/5N2/P1P2PPB/3RK2R w - - 2 20,d4e5
214,rnb1kb1r/pp1pnppp/4p3/1Bp5/8/1P2Pq1P/P1PP1PP1/RNBQ1RK1 w kq - 0 8,d4e5
215,rnbqkb1r/2pppp1p/7n/pp4p1/1P3P2/2NP2P1/P1P1P2P/R1BQKBNR w KQkq - 0 6,d4e5
216,r1b3nr/pppk1pb1/n2p2pp/2P1p3/PQ5q/7P/1P1PPPPR/RNB1KBN1 b Q - 3 11,d4e5
217,rn1k2nr/3bbppp/p1pp4/5P2/p5P1/1PP1p2N/R2QP2P/4KB1R w K - 1 14,d4e5
219,r3k2r/p2pnp1p/2p1p2Q/1B1b1n2/4P1p1/PP4q1/RbP1NP1P/1NBK3R w kq - 0 19,d4e5
220,rnbqkb1r/1p3ppp/p1pp4/8/NP1N2nP/5P2/P1PPP1P1/R1BQKB1R b KQ - 1 11,d4e5
223,3k2nr/p1pbb3/1r1p2p1/Pp2p1qP/5P2/NPP4N/1R1PP2P/n1BQK2R w K - 3 22,d4e5
224,1n1qkbnr/r1p1pppp/8/pp1p4/P5bP/8/1PPPPP1N/RNBQKB1R w KQk - 0 6,d4e5
227,r1b1k1n1/pp1q1pBr/n1p1p3/P4P2/1PPpP2p/N5PP/3P4/RB2KQbR w KQq - 0 19,d4e5
230,1nb1k2r/rpp2ppp/5n2/p2p2q1/Pb1pP3/2P2P1N/4Q1PP/RNBK1B1R b k - 1 12,d4e5
231,rnbqk1r1/p1pp1pb1/Bp6/4p1p1/4n2p/2BP1P2/PPP1N1PP/RN1Q1K1R w q - 0 10,d4e5
233,r2qk1nr/p1np1pb1/b3p1pp/1P6/PP3P2/1QNp2P1/3BPK1P/R4BNR w kq - 4 14,e3d4
234,rn6/2pp1kr1/bp4pn/p2qpp2/PPPN3p/6PP/2K1PP2/3RQBNR b - - 2 20,d4e5
235,rnbq1bnr/1pp2ppp/p1kpp3/8/P1PP4/N7/RP2PPPP/2BQKBNR w K - 1 6,d4e5
239,1r1qkb1r/3p1n1p/4p1p1/2pbP3/2P1Np1P/BP6/P2P1P2/1R2KB1R b k - 7 23,d4e5
241,rnb1k2r/2p5/p2p1npp/Pp3pP1/1P2p3/3PK1BN/R1P1B2P/1N1Q2R1 w kq - 2 21,d4e5
242,R1b1k1r1/b2p1npp/p4p2/2p5/2P1pPP1/NPKQ3P/q7/R1B3NR b - - 0 24,d4e5
243,1n2kb1r/2rp3p/4p1pn/p1pQPpq1/P1b1N1PP/8/2P2PB1/R1B1K1NR w KQk - 2 20,d4e5
244,r5r1/pp1bkp2/3p1b1n/2P3pp/2P1P1RP/P2nBP2/4K1P1/1R1N1BN1 w - - 10 25,d4e5
245,2q3r1/rp1b1pbp/2p2kpn/p2P4/PP1nP1P1/N4P2/4NB1P/R3KB1R w - - 5 21,d4e5
246,2n1k1r1/rppb2b1/n7/2P1p2p/P3ppP1/5NR1/1P1PK3/RNB5 b - - 3 22,d4e5
247,rnb4r/p1pk1pp1/3p4/1pP2n1p/PPP1p3/4PPPN/5KBP/NRBqR3 w - - 0 20,d4e5
248,r1bqkbn1/B1p1p2r/np1p3p/6p1/1P3pPP/N2P1P2/P1P1PK2/1R1Q1BNR b - - 1 11,d4e5
249,4kbn1/rb1p4/2q3rP/NppPp3/1P2PpQp/P6R/1BP2P2/R4KN1 w - - 0 26,d4e5
251,r1bqkr2/2pp3p/3nB1pB/ppnPp3/P3p1P1/N1P5/RP1K1P1P/6NR w q - 0 16,d4e5
252,r1b2b1r/3pkq1p/1p2Pp2/P1pn4/2P1P2n/NP1P2Pp/R3K2P/2B3NR b - - 0 20,d4e5
253,rnb1kbnr/pp1pp2p/Q7/2p2p2/1q6/4P1p1/P1PP1PPP/R1BNKBNR w KQkq - 0 9,d4e5
255,r1bqk1nb/ppNpp3/2p2p1r/6pp/2P3P1/1P5N/P2PPPBP/R1BQK2R b KQq - 0 10,d4e5
256,r2qbb1r/1ppk4/n2p1P1p/p3P1p1/3P2pP/NP6/P1PKN3/1RBQ1B1R b - - 1 16,d4e5
257,rn3b2/3kpp1r/2ppbnpp/p1q5/1p1P2P1/1P1B4/P1P2P1P/RNB1K1NR b KQ - 1 16,d4e5
259,r1n2rk1/1b1n1p2/pp4pp/2p1pq1P/2P1P3/NPBp2P1/PQ1P4/R3KBR1 w - - 0 25,d4e5
260,rnb1kbnr/1p1p1p1p/4p2q/p1P3p1/P1P2PP1/8/1P1BPK1P/RNQ2BNR b kq - 0 11,d4e5
261,2b1qkr1/1p1pn1b1/rP2Pp1p/2p1N1NP/p5PR/P7/1BPPP1B1/R2Q1K2 w - - 0 24,d4e5
262,1n1qk3/rppbnp2/3b2pr/pPN5/2PNpP2/P5P1/3PP3/R1BQKR2 w Q - 2 18,d4e5
264,r1b2k1r/Np1p2pp/p7/4pP1P/nP5b/3p1NR1/P1nK1PP1/R1B1QB2 w - - 2 20,d4e5
267,1rQq2n1/3pk1p1/7r/1p2b1pp/pnPB3P/N4N2/P3PP2/R1K2B1b b - - 1 23,d4e5
268,r1bqkbnr/ppp2ppp/n3p3/8/1P2p3/B2P1Q1P/P1P2PP1/RN2KBNR w KQkq - 0 7,d4e5
269,1n1k1br1/2r2pp1/q2p3p/1Pp1p3/PN2n1P1/1Q1PBb1P/4PPB1/RN3KR1 b - - 6 24,d4e5
270,1nbqkbnr/2ppp2p/rp3p2/p5p1/4P1P1/1PP5/P2P1P1P/RNBQKBNR w KQk - 2 8,d4e5
272,r1b1k1n1/1p1p2b1/4p1pr/1Pp2p2/RPP1PNq1/6P1/3P1P1P/1NBQK1R1 b q - 0 16,d4e5
273,4k1nr/2ppq3/pr3ppp/1pb3PB/P2P1N2/B5R1/n1P1Q2P/1N1K1b2 w k - 0 23,d4e5
274,r2qkbn1/pb1np3/1p4r1/2p2p1p/1PPp4/4P2N/PB1P1PPP/RN2KB1R w Qq - 0 16,d4e5
276,r1bqkbnr/p2p2pp/1pn5/2p1pp2/4P3/3P4/PPP1BPPP/RNBQ1KNR w - - 2 11,d4e5
278,rnb1kbnr/1p3pp1/p5qp/2pp4/3P1P1P/BP6/P1PQ2P1/RN2KBNR w KQkq - 0 9,d4e5
279,rn1qkb1r/p1ppn2p/1p3pp1/1B2p3/1P2P3/B1N4N/b1PP1PPP/R2QK2R w KQkq - 0 9,d4e5
280,rnb4r/p1bpk2p/1p1qPn2/2p2pp1/2BPP2P/NPP5/P3NKPR/R1BQ4 b - - 3 19,d4e5
281,bn3knr/7p/r1B4q/p1P1Pp2/p3P3/P5P1/Q4P1P/1NB3KR b - - 0 24,d4e5
282,rn2kb1r/N1p1pppp/5n2/P4Q1P/4qP2/R1PP1N1P/1P2p3/2B1KB1R w Kkq - 1 22,d4e5
286,rnbqk1nr/1pp1p3/6pp/p2p1p2/P2N4/2P1P3/1PP1QPPP/RNB1KB1R w KQkq - 0 10,d4e5
287,2rk1bnr/p3pp1p/1Pnq2p1/8/1P1pPPb1/P1N4N/2PQB1PP/R1B1K2R w KQ - 0 13,d4e5
290,r1b3r1/ppp2pp1/3bq2n/7p/PPk1p3/4PPNP/N1PP2P1/1RBQ1K1R w - - 7 19,b4c3
291,2q1kb1r/1p2pp1p/n3b1pn/r1pp4/2P2PP1/PP1P3B/2R1P2P/1NB1K1NR w k - 2 14,d4e5
292,2kr1bnr/pp1qp1p1/n6p/1Ppp1pN1/5P1P/N2P1b2/P1P1P1P1/R1BQKB1R b KQ - 3 13,d4e5
293,r1q1nr2/3nkpb1/1p1pp1pp/1b2PBP1/p1p2P1P/P1P5/1P1P3R/R1BQ1KN1 w - - 1 21,d4e5
296,r1bq2nr/ppp2kBp/n7/3pp3/1b1P1p2/1PP1PNPP/P2N1P2/R2QKB1R b KQ - 0 10,d4e5
299,rnb2bnr/pp1pk2p/4ppp1/4P3/1PPp4/P7/3PQq2/RNB1KB2 w Q - 0 12,d4e5
300,q3kb1r/r1p1n2p/b1n3p1/3p1p2/PP1p4/B1P1PP1N/2QN2PP/R3K2R b KQ - 2 19,d4e5
301,1rb1k1nr/p3ppbp/np2B1p1/2P3B1/5P1q/6P1/PPP1P2P/RN1QK2R w KQk - 3 13,d4e5
302,rnb1kbnr/pp3pp1/3qp3/2pP2Np/8/P7/1PPPQPPP/RNB1KB1R b KQkq - 0 6,d4e5
303,rn3br1/qQ2kp2/p1p3p1/2Pp1b1p/4P1n1/3pBP1B/PK5P/RN4NR b - - 0 21,d4e5
305,2rqkbr1/5p1p/1R5n/P1p1p2n/5p2/P7/3PQ2P/2BBK1NR w - - 2 25,d4e5
308,2q1kbr1/p1pnppp1/R2p3p/6N1/2BPPPP1/1rP3P1/1P1K4/1NB3QR b - - 2 18,d4e5
309,rn2qb2/2p2kr1/b2p2pp/1p3p2/1p3P1P/1P1K3R/P1P1P1PN/RQB2B2 w - - 6 25,e1g1
311,r1b1k1r1/p1ppqppp/4n3/bp2pn1P/5PP1/N7/PPKPPQB1/R1B3NR w q - 3 18,d4e5
312,rq2kbnr/p4p2/2n1p3/7p/N1Kp1pbP/BP5B/4P2N/R2Q2R1 w kq - 0 19,d4e5
313,rn1qk1nr/pppb2bp/4pp2/3p2N1/5p1P/PPP3P1/3PP3/RNBQKB1R b KQkq - 4 8,d4e5
314,1n1q1k1r/r3b1pp/pp1Bp2n/P4p2/4bPP1/3P3P/N1P1NK2/R2Q1BR1 w - - 0 23,d4e5
315,1rb1qk1r/2ppp1bp/2n2ppn/pp6/P3BPP1/3P2KP/1PPBP3/R3Q1NR b - - 3 17,d4e5
317,rqb1kb1r/6p1/5pP1/ppPp3p/P4N1P/N1P2Pn1/3P1KB1/R1B3QR w - b6 0 21,d4e5
320,r1bq1b1r/pp1ppkpp/2p2p2/4n3/P5P1/BPP2P1P/2RnP1B1/1N1QK1NR b K - 1 13,d4e5
321,r2qkbnr/pbp1ppp1/3p4/1p2n2P/Q1P5/3BP3/PP1P1P1P/RNB1K1NR w KQkq - 2 8,d4e5
322,r1b1k1nr/1p3q1p/2nb2p1/p1p1ppP1/P1P2P2/3PpN1B/1P1QP2P/RN2K2R w KQkq - 5 13,d4e5
323,r1bqkb2/1ppp1p2/p4npr/P6p/QR3pP1/2P4B/1P1PP2P/1NB1K1NR w Kq - 0 12,d4e5
325,1rbq1bn1/p2p1k2/n1p1p1pr/1p6/1P3Pp1/6P1/P1PPPR2/RNBQKB2 w Q - 0 14,d4e5
326,r1bk4/4p1Qr/1pnp1p1n/P1p3bp/2P2PPP/3P4/P3P1BR/RNB1N1K1 w - - 3 23,d4e5
327,r1bqkbnr/p1pppppp/8/1p6/1n3P2/P7/RPPPP1PP/1NBQKBNR w Kkq - 1 6,d4e5
328,rn1qkb2/pp3p1p/3p1n1p/2pP1b2/1PP1p1r1/P7/4PPPP/RNQ1KBNR w KQq - 2 10,d4e5
329,rnb2bn1/pp1k3r/3p4/B1p1pPp1/6pq/NP1P2P1/P1P2P1P/R3KBNR w KQ - 0 13,d4e5
330,r2q1knr/p1p3pp/b7/np1p1P2/1PPpPP2/5Q1N/1P3K1P/RNB2B1R w - - 0 18,d4e5
333,rn1qk1n1/pb2p1b1/2p4r/1p1p1Ppp/4P1N1/3P4/PPP3PP/1RBQKBR1 b q - 0 12,d4e5
335,1r1qk1n1/2pbb3/1pp1pr1p/4Ppp1/p1P2PP1/PP1P3B/R6P/1NB1K1NR w K - 3 19,d4e5
336,rnbqkbn1/p1p2pp1/3p2r1/1p2P3/2B1P2p/P6P/1PPPQ1P1/RNB1K1NR b KQq - 0 10,d4e5
337,4rb2/5p1r/n1kq1n1p/PppppB2/1p1B1P2/N3K1PP/2PPP3/R2Q2R1 b - - 8 25,d4e5
339,rn2kbn1/ppqbr3/2Bp2pp/2p3P1/P2P1p1N/2P5/1P2PP2/R1BQK1NR b KQq - 2 15,d4e5
340,rn4nr/1N2p1b1/1Pp4k/p2P2p1/3R2P1/1P3N1p/3PPPP1/2BQKB2 w - - 0 24,d4e5
341,r1bk1q2/1ppp4/p1nbP1r1/1P4pp/P1PPP3/6NP/3B2P1/2RQK2R b K - 2 23,d4e5
342,r1b4r/1p4kp/1P2pp1n/2b5/1nPpPPpP/1P1B2PN/R1QP1K2/1N5R b - - 2 20,d4e5
343,r2q2nr/pnp1pb2/3k2pb/1p1p3p/1P1p1P2/P2P2KP/2P1B1P1/1RN3NR w - - 1 25,d4e5
344,r2k1b1r/p4p1p/1p2p3/1bp1q1p1/P3nPKP/2B3P1/RPP1P1B1/1N5R b - - 1 21,d4e5
345,2bqkbnr/rp1pp2p/5p2/p1p3pP/PnP5/5N2/1P1PPPP1/RNBQKB1R w KQk - 3 8,e4d5
346,1r3br1/4p1pk/p1q2p2/1p2P2p/P1pP1B1P/2N2nPb/1PP1KP2/1RR3N1 w - - 4 26,d4e5
347,rnb1k2r/2pN3p/8/p1P2B2/Pp5P/N5PR/q1P1PP2/4K3 b kq - 0 23,d4e5
349,rnbq1kr1/ppppppbp/5n2/6p1/PP4Q1/2N1PNP1/2PP1P1P/1RB1KB1R w K - 7 9,d4e5
353,1n2k1n1/rbpp1p1r/p2b4/P3P1pq/1p1P2p1/1P1K1N1P/1BP1P2R/RN1Q1B2 b - - 6 20,d4e5
355,rnbqkb1r/3ppn2/1pp5/p5pp/8/P1P1P2N/RP1P1PPP/1NB1KB1R w Kkq - 0 8,d4e5
356,r1b1kb1r/1ppqp1pp/p7/3pPp2/P4Pn1/1PP5/3NP1PP/RNBQKB1R b KQkq - 0 9,d4e5
357,rn1qk1n1/4pp2/1p1p3r/2p5/1Q2P1pP/3P3N/1PP2BB1/R3K1bR b q - 0 22,d4e5
358,r1bq1bnr/1Npn4/ppk1p1p1/3p1p1p/5P2/P4NP1/1PPPP2P/R1BQKBR1 w - - 0 14,d4e5
359,rnb1kbnr/3ppppp/1pp5/p7/P4qP1/3P4/2PQPK1P/RNB2BNR w kq - 0 10,d4e5
361,rnb1kb2/2p2npr/1p1p4/p2q1p2/P1P2P1P/NP1BP1PN/3P4/R2Q1K1R b - - 8 19,d4e5
365,r1b2bnr/ppp1p1pk/7P/4p3/7P/PPNnp3/2PB1P2/R1Q1KB1R w Q - 2 20,d4e5
367,r1b2bnr/N1pk1p2/np2p3/p5pp/PqPpP1PP/R7/1P1P1PB1/2BQK1NR w K - 0 15,d4e5
369,r3kbnr/p1p1p2p/np4p1/5b2/2P2Pp1/PP1QP2B/1B1P3P/RN2K1NR b KQkq - 2 14,d4e5
370,2rqk2r/2pp3n/2b2p1b/p5pp/PP2P1PP/2pPK3/R1Q2P2/3B2NR b - - 3 24,d4e5
371,2bqkr2/pr1p2p1/1p1P2n1/1PpN1P2/P3pNB1/1n6/1B1P1Q1P/R2K3R w - - 1 22,d4e5
373,r4k1r/1bq4p/p3pn1b/1p1p1pN1/2BP2P1/RP2P3/1B1N1P1P/4KQ1R b K - 3 22,d4e5
375,rn1q1bn1/p2pp1pr/b4k1p/1p3p2/1p6/BN1PP2P/P1P1NPP1/R2QKB1R b KQ - 6 10,d4e5
376,1rbqkb1r/pppppp1p/6p1/2n5/2PPP1n1/5Q2/PP1N1PPP/R1BK1BNR w k - 7 7,d4e5
377,3r2nr/1p2kppp/n1pp4/p6q/Pb6/5NRb/1PPPPPP1/1NBQKB1R w - - 8 13,d4e5
378,1rb1k1nr/1p1p3p/p1p3p1/4pp2/P1Nb3P/BP3q1R/2PPPP2/2RQKB2 b k - 5 15,d4e5
379,4rbnr/5p1p/2p1Pkp1/pp3P2/6P1/P2nP3/3K3P/R4BNR b - - 0 22,d4e5
381,2bqkbnr/r1ppppp1/pp5p/8/P1n5/1P3P1P/1B1PPKP1/RN1Q1BNR w k - 0 8,d4e5
382,rn2kbnr/ppp2pp1/4p3/7p/PP4PP/R1pP4/q1P1PP1R/2BQKBN1 w - - 0 12,d4e5
383,rn1qkbn1/1p2p2r/2pp2p1/p6p/1P2NPp1/P6N/2PPP2P/1RBQKB1R b Kq - 2 13,d4e5
387,q5nr/rp2p2p/5k2/1bpP2p1/p5PP/bPKPPP2/P2N1N2/4RB1R b - - 0 25,d4e5
388,1nbkqbnr/rpp2p2/p3p3/1P1pN1pp/P1PP4/N5P1/2KBPP1P/R2Q1BR1 w - - 2 14,d4e5
390,1nbqkbn1/r3p2r/p4p2/1pQP3p/3P2p1/P4NB1/1P1KPPPP/RN3B1R b - - 3 11,d4e5
391,r3kbnr/p1pbp1p1/5p1p/1q4P1/1n3P2/1P1Pp2B/PBPQN2P/R3KR2 w Q - 4 17,d4e5
393,4k1nr/r1qnp3/b2p2pb/ppp2P1P/7P/P1PP4/RP1Q1P2/1NBK2NR w k - 1 16,d4e5
394,r1bqkb1r/ppp1pppp/B6n/3P4/1n1P2P1/5P2/PPP4P/RNBQK1NR b KQkq - 0 7,d4e5
395,3k2nr/Q4p1p/2n1r3/p1b1p3/2Pp2pR/3B1P1N/P5P1/RbBK4 b - - 1 25,d4e5
396,r1bk1br1/2pp1p1p/p1n2np1/1p2p3/P1B1PN2/4qP2/RPPP2PP/2BQNK1R b - - 1 13,d4e5
397,rnq1kbnr/4ppp1/2pp3p/8/ppB1P3/7b/PPPP1PPP/RNBQKR2 w Qkq - 4 11,d4e5
400,rnb1kbnr/pp1p1p1p/6pq/2p2P2/3p2P1/N1B4P/PPP1P3/R1Q1KBNR b KQ - 0 10,d4e5
403,r3kb1r/6pp/1pp5/P2pppq1/1p1P2n1/N1P1P2b/1Q2NPPP/R1B1KB1R b KQkq - 0 14,d4e5
406,rnb1qkn1/p1ppb1pr/5p1p/1p4P1/1PP1p3/NR5P/P2PPP2/2BQKBNR w K - 0 12,d4e5
412,1r1qk1n1/1ppb1pp1/p1Npp3/n3N1b1/4P1Pp/3P4/PPP1QPBP/R1B2K1R w - - 1 15,d4e5
414,rn1q1br1/2p1kp1p/p4np1/1p1p4/5N1P/1P2PP2/P1PPBP2/R1BQK2R b Q - 1 13,d4e5
415,rnbqk1nr/1p1p1p2/p1p3p1/4p2p/Qb2P2P/P1P5/1P1P1PP1/RNB1KBNR w KQkq - 0 7,d4e5
416,rnb2bnr/p5p1/4p1k1/1P1p1p1p/qPpP1P1P/4PNK1/P5P1/RN2BBR1 w - - 3 21,d4e5
420,r3kbnr/pqp5/1p3ppp/3ppb2/Pn1P3P/R1P1P3/5QP1/1NB1KBNR b Kkq - 1 12,d4e5
421,1n2k3/rp2B1b1/4b2n/1p3r1p/PPpqPPp1/7B/2P4P/R2QK1NR w K - 0 24,d4e5
422,r2b2nr/p2p1k2/2B1p2p/q1n5/2P5/NPB1pP2/5P2/3RK1NR w K - 1 25,d4e5
423,1r1qk1nr/ppp4p/3pb1pb/5p2/3n1PN1/P6P/RPP1P1P1/1NBQKB1R w Kk - 0 13,d4e5
424,rnbqkbn1/pBp1p3/1p1p1p1r/6pp/6P1/N1P4P/PP1PPP1R/R1BQK1N1 b Qq - 1 7,d4e5
426,1n2kbnr/1r2p3/p3Pp2/p1p2Pp1/2PP3p/5b2/PB4PP/RNKN1B1R w k g6 0 21,d4e5
427,2b2bnr/4p2p/rqnpk1pP/1ppN4/p2PP1p1/P2K1PP1/RPP1Q2R/2B2B2 b - - 0 18,d4e5
429,rnb1q1nr/ppp2k1p/4p3/2bp1pp1/2N2PP1/P3P3/RPPPB2P/2BQK1NR b K - 0 10,d2f3
431,r2qk1nr/p2pp3/bp6/2p2p1p/P2P1P1Q/2N4p/1PPP2P1/RNB1KBR1 b Qq - 0 17,d4e5
432,rn1qk1nr/p1p2ppp/8/1p1ppP2/3P4/2P3Pb/Pb2PK2/R1BQ1BNR b kq - 1 8,d4e5
434,rnbq1bnr/pp1k1ppp/3p4/1Np5/4pP2/7P/PPPPP1P1/R1BQKBNR b Q - 3 6,d4e5
435,rn2k1nr/5pP1/4p2p/ppppQ1PB/1PP5/N5PP/P2P4/R1B1K1NR b KQk - 0 18,d4e5
440,rnb1kb1r/pppp1pp1/4p3/5q1p/Pn1P4/NPP1PPP1/3K2BP/R1BQ2NR w kq - 1 11,d4e5
441,rnbq3r/2pk4/pp1pp3/1P1n1p1p/P3P2P/N1bPBP2/2P1B1P1/R2Q1KNR b - - 0 15,d4e5
442,1rbqk1nr/8/1ppppb1p/pP4p1/2BPpPP1/PQP3KP/8/R1B2NNR b - - 1 23,d4e5
445,3qkb1r/rbppppp1/p1n2n2/1p5p/PPP1P1P1/7P/N2P1P2/R1BQKBNR b KQk - 0 8,d4e5
448,rnbk1bnr/4p1p1/pp5B/3p1p2/2p1PP1p/PP1P2qP/2PNK1P1/R2Q1BNR w - - 0 18,d4e5
449,r2q1Nn1/1p6/2p1ppk1/p5p1/P4P2/4P1P1/RPPP3r/2BQKR1B b - - 0 19,d4e5
451,r1bqk2r/3pBp1p/pp2p2n/2p5/7p/3P3P/PP3PP1/R2QKBR1 w Q - 0 17,d4e5
453,rnbqnrk1/5ppp/pppb4/3N2P1/8/PP1pP2P/2P2PBR/R1BQ1KN1 w - - 1 15,d4e5
459,r2qkb1r/1b1ppp2/n4n2/ppp3pp/P4PP1/NQP2N1B/1P1PP2P/1RB1K2R w Kkq - 0 13,d4e5
460,2r1kqnr/n1p2pp1/4b2p/pp1ppB2/3b1P2/P1N1P2P/3PQ3/R1B2KNR w k - 4 21,d4e5
461,rnbqk1nr/pppp2pp/5b2/3p1p2/8/N3PPP1/PPPP3P/R1BQK1NR w KQkq - 0 7,d4e5
463,rnb2bnr/pp1ppk2/2p3pp/3q1P2/3P4/1P2P2N/P1PQ1P1P/RNB1KB1R w KQ - 1 8,d4e5
464,rnq1kbnr/2pppp2/6p1/p1P4p/1p6/P3PNPP/1PQPbP2/RNB1KB1R b Kkq - 4 12,d4e5
465,1rqk1r2/p1bp1p1p/np2p3/Q3Pnp1/b4P2/p1NP2P1/P1P1R1BN/R3K3 w - - 4 25,d4e5
466,2b2b1r/3k2rp/2n1pq2/1P1p1pp1/1p1P1P1P/3p3R/4P1P1/RNQ1KBN1 w Q - 2 21,d4e5
468,r2qkbnr/p1p2p2/Qp1p3p/P3P1p1/3n2P1/2B2N2/1PP1PP1P/RN2KB1R b KQkq - 4 11,d4e5
470,r2q3r/3pk2p/pp1pnp2/6b1/1np3PQ/PPN1BP1B/2P5/2R2KNR b - - 2 20,d4e5
471,rn1k1b1r/1B1pqpp1/8/1N2p2p/Pp6/6PP/1BPPPn2/1R1QK1NR w K - 2 17,d4e5
473,rnb1qbkr/p1p4n/1p1pp3/4Nppp/P2P2P1/1P2PP2/2PQ3P/RNB1KB1R w KQ - 0 14,d4e5
475,r2qb1n1/1p4pr/Bn1k4/3pp1NP/2pP1B2/1P6/P1P1PP1P/RN2QK1R b - - 0 20,d4e5
476,rnbqkb1r/p1pp3p/5p2/1p2pPp1/6P1/P7/1PPPN2P/RNBQKB1R w KQkq e6 0 8,d4e5
479,1rb1kbnr/pppp1pp1/2n5/1P1p3p/P4P2/q7/R1P1PNPP/2B1KBNR w - - 0 14,d4e5
485,rnb1k1nr/2pp2p1/5q1p/p2Np3/4P1p1/b3Q2N/3p1PBP/R1B2K1R b kq - 2 15,d4e5
486,rnbqkb1r/1pppp3/p6p/1B1n1P2/P3PPpP/1P6/2PPQ3/RNB1K1NR b KQk - 1 10,d4e5
487,1r1k1bnr/p4pp1/1pb1p1P1/2n1P2p/3p2q1/3N1P1B/P1PP4/RNBQKR2 b Q - 1 23,d4e5
488,r1bqkb1r/p3pppp/2p4n/2npP3/8/Pp1P4/1PPQBPPP/RNB1K1NR w KQkq - 0 9,d4e5
489,1rb2kr1/pp1p3p/1b2pn2/5ppP/4PPN1/2P1B3/qP4P1/RN2KBR1 w - - 2 24,d4e5
492,r1b1k2r/3pp1b1/p4N2/1pp2p2/2P2Pn1/PPB4P/2qPQ1PR/RN2KB2 b Qkq - 0 16,d4e5
493,rnbqk1nr/2pppp1p/1p6/p1P3b1/6PP/N6p/PP1PPP2/1RBQKBN1 b kq - 0 9,d4e5
495,rn2kbr1/1pp1ppp1/5n1p/p1qp4/1P1PP2P/6PN/PBP1bPB1/R2QKN1R b Qq - 0 16,d4e5
496,rnbq1bnr/3ppk2/pP6/2p2ppp/5P1P/8/PP1PP1P1/RNBQKBNR w KQ - 0 8,d4e5
499,rnbqkbnr/3ppp1p/p7/1p4p1/4PP1P/P1p3P1/RPPPN3/1NBQKB1R w Kkq - 0 9,d4e5
500,rnbqkr2/1ppp1pb1/5n1p/pN2p1p1/7P/1PP4R/P2PPPPN/R1BQKB2 w Qq - 0 9,d4e5
503,rn3br1/p2kqp1p/3p2P1/1Pp1pb1n/1P2P3/P2P3P/2QN2P1/R1B1KBNR b KQ - 0 15,d4e5
504,r1b5/ppk3pp/3ppr2/1P4pR/4P3/Ppqn2P1/5R2/2BK1BN1 b - - 3 24,d4e5
505,r1b1kb1r/2p3p1/2n1P3/pp1p1P1p/PP4nP/RQPP3B/4PB1q/1N3KNR b - - 7 21,d4e5
506,2b2bnr/rpp2k2/3pp3/P4p1p/5P2/3P2qN/2PKP1PP/RN1Q1B1R w - - 1 16,d4e5
507,rnbq1knr/p4p2/1p1p3p/2p1p1p1/1bP5/PP3PPN/RB1PP2P/1N1QKB1R b - - 3 12,d4e5
509,rnb2bnr/Np3k1p/2ppp1pP/2P1qp2/8/2Q1R3/PP1PPPP1/R1B1KBN1 w Q - 3 14,d4e5
510,rnb1k2r/1p2n1p1/7p/2Qp1p2/1b1Np3/1p2PP2/Pq1P1KPP/5BNR w kq - 2 21,d4e5
511,rn2k3/p2pn1b1/2b2Q1r/1B2p3/4PpPP/P1N2P1R/2P5/3R1KN1 b - - 0 25,d4e5
512,r1bq1bnr/pp2kp1p/n2p1N2/2p1p1p1/4P1P1/8/PPPP1P1P/1RBQKBNR w K - 0 7,d4e5
514,r2qn3/2p2pp1/n3k2r/3Np2p/pbPPb1PP/P6B/1P1BPP2/2RQK1NR b K - 0 20,d4e5
517,1rb1kb1r/1p1p1ppp/2pP1n1B/p3p3/1PP5/P1N4P/4PPPQ/R2K1BNR w k - 0 15,d4e5
520,r2q1b1r/p1pp1kpp/1pn5/3bPp2/1P3B2/3Q1PnN/P3PKPP/RN3B1R w - - 2 13,d4e5
522,1rb2bnr/p2p1kpp/n1p2p2/1p2pP2/2P1P1P1/1Q6/PPNP3P/R1B1KBqR w KQ - 0 11,d4e5
523,rnbqkb1r/p5p1/1p1p1P1p/2p1p3/1P1N1P1P/P1PP4/2Q3P1/RNB1KB1n w Qq - 1 17,d4e5
526,rnb1k2r/p3np2/1p1p2p1/4P1BP/2p3P1/2P2P2/1PQKP1B1/RN4NR w kq - 1 17,d4e5
527,1nb3qr/rp1pp3/2p1k1p1/p1P4Q/BP1b1P2/P3p1PN/3P3n/RNB1KR2 w - - 0 21,d4e5
528,2bqkbnr/1p1p1p2/2P5/r3p1pN/p2p4/3Q4/PBP1PPPP/RN2KB1R w KQk - 0 10,d4e5
530,2bqkbnr/1p1p1pp1/2r5/p1p5/4p1Pp/2BPPn1P/PPP1KP2/1RQ2BNR w k - 4 12,d4e5
532,rnb1kbnr/pp2ppp1/Bqp5/3p3p/5PQ1/2N1P2N/PPPP2PP/R1B1K2R b KQkq - 3 6,e4d5
533,rnbqk3/1ppp1p2/5npr/p3B2p/6P1/bP3P1N/P1PPP2P/1R1QKB1R w Kq - 0 9,d4e5
534,1rq1k2r/2p1b1pp/np6/2Q1np2/pPb2PPN/7N/PBP1P2P/R3KB1R w KQk - 3 19,d4e5
535,2Bqkbnr/1p2p1p1/r1pP1p2/p2bn2P/3P1P2/BP2P3/P6P/RN1QK1NR b KQk - 0 12,d4e5
536,r1bqk1n1/p3pr2/1pn2Bp1/2pP1p1P/1bQ2Pp1/5NP1/P2PP1R1/1R2KB2 b q - 5 21,d4e5
537,r1bqkbnr/pp1pp2p/n1p5/8/1P1P1pP1/P1P1P3/5PPR/RNBQK1N1 b Qkq - 0 11,d4e5
540,r1bqk1nr/1ppp3p/p7/1B2pp2/1PN1PbP1/5P1N/P2PQ1P1/R1B3KR w - - 3 21,d4e5
541,1n5r/1rqb2p1/p2bpk2/Ppp2p1p/3p1PnP/1PN2N2/1BPPP3/R2Q1K1R b - - 0 23,d4e5
549,rnb1kb2/2q2p2/1p1p1npr/p1p4p/3Pp2P/PPK1P1P1/2P2P1N/RNBQ1BR1 b q - 1 13,d4e5
551,rn2k1nr/pb1p2pp/3bpp2/Ppp3PP/8/1q1PPN2/1P1N1P2/1RBQKB1R b Kkq - 0 15,d4e5
552,r1b1kb1r/1p1pppp1/p1n4p/2P5/P1n4P/5P2/RBQKP1P1/1N3BNR w kq - 0 13,d4e5
556,r1b2k1r/2pqn1pp/7n/p2p1pN1/2pP4/bP1NpP2/P1Q1P1PP/1RB1KB1R b K - 5 16,d4e5
558,4kb1r/p4p2/1p2b1np/3p3q/PPr1p2n/4P2N/2NPKPP1/R1BQ1B1R w k - 3 22,d4e5
560,rnbqkbnr/pp1p1p2/4p2p/2p3p1/1P1P2P1/5N2/PBP1PP1P/RN1QKB1R w KQkq - 0 6,d4e5
562,3Q1b1r/rp2n1pp/3pp1k1/p2P3n/N5PP/4BP2/P1PKb3/5RNR w - - 3 26,d4e5
563,rnb1k1nr/p1pp4/1p6/5p1q/PP3bB1/2P1p3/3PPP1R/RNB1QKN1 w kq - 0 14,d4e5
565,rnb1k1nr/p1qppp1p/8/1pp3p1/4P3/N1PB1NbP/PP1PKP2/R1BQR3 b kq - 1 9,d4e5
567,rn1q2nr/pb1p4/2p3kp/1pB1Ppp1/2P1P3/1P2NNP1/Pb3P1P/R2QKB1R b KQ - 2 12,d4e5
568,r5nr/pp2k1pp/2p1bn2/1P5B/3Pp3/1P2P1PN/2PR4/1RBK4 w - - 0 25,d4e5
569,r3kbnr/pb1ppp2/1p4pp/2P5/1n1NQP2/1P4PB/q1P1P2P/RNB1K2R b KQkq - 1 12,d4e5
570,rqb1k1r1/p2n1p1p/2ppp2b/1p1nP1p1/3P1PP1/P4B1N/1PP2KRP/RNB1Q3 w q - 8 15,d4e5
571,1n2kb2/1pp3p1/r5pr/p2pp2p/P3BQqP/N6N/1PPKbP2/2B2R2 w - - 2 23,d4e5
572,5bnr/2pbpk2/3p1p2/pp3p1p/1n2P1Pq/2P5/P2P2R1/RNB1QK2 b - - 1 24,d4e5
579,rnbqkbnr/pppp1p1p/6p1/8/4pN2/N5PP/PPPPPP2/R1BQKB1R w KQkq - 1 6,d4e5
580,r3k1nr/p1q1ppbp/8/Pppp2p1/1P1n2B1/2P2P2/RB1PP1KP/1N1Q2NR w kq - 1 14,d4e5
581,rnbq3r/ppp1kpbp/3pp2n/6p1/P2P2P1/NP5N/1BP1PP1P/R2QKB1R b KQ - 4 7,d4e5
582,r2q1b2/3kpr2/2pN3p/pp6/P1B1nPb1/2P3P1/RP1P1P2/1NB1K2R w - - 1 21,d4e5
583,Q1bqkbr1/2p2p1n/3p3p/1p2p3/1PP5/N4pPP/P2PPKB1/R1B3NR w - - 0 13,d4e5
584,1nb2bnr/2rBqk1p/5p2/1p1Pp1p1/PN2P1P1/N7/PBPK1P1P/R6R b - - 3 20,d4e5
586,rn3bnr/ppp1kp1p/6Q1/6p1/5Pb1/2pq4/PP1PP1PP/RNB1KBR1 w Q - 0 10,c5d4
588,r2qkbn1/1bpnppp1/7r/pp1p3Q/P3P1PP/2P5/1P1PBP2/RNB1K1NR b KQq - 0 11,d4e5
591,Rn1k1bnr/8/2pp1p1p/4pPp1/4P1PR/NP1P3N/1P2K3/2B1QB2 w - - 0 20,d4e5
592,r1bqk2r/ppn1b1p1/3p3n/2B1pp2/1P4pP/P1PP1N1B/3NPP2/R1Q1K2R w KQkq - 1 14,d4e5
595,1nb1k1r1/Np5p/1q3P1n/p5p1/P1B2P1P/4p2N/RPp3PR/2B3K1 w - - 0 21,d4e5
596,rn3b1r/p3p2p/Bpp1k1p1/3p2n1/PQ3PP1/7N/1PPP1K1P/RNB4q b - - 1 19,d4e5
601,r1bqkr2/3pp2p/5npb/1Bp2n2/Pp2PP2/B1P2pN1/2QP4/RN3K2 b q - 0 22,d4e5
603,rnb1kbnr/1pqp1p1p/2p5/p3p1p1/1PPP4/P6P/4PPP1/RNBQKBNR b KQkq - 0 6,d4e5
604,1n1qkbnr/2r2ppp/p2p1P2/1p2p3/P2p1P2/NP1P4/2P1P2P/R1BQKB1R w KQk - 1 13,d4e5
605,rnbq1b1r/1p1ppkp1/7p/p1pN1p2/Q1P1P1n1/3P2P1/PP3P1P/R1B1KBNR b KQ - 2 8,d4e6
606,r1bqk1nr/p2pp2p/n1p3pb/Pp3p2/2BP4/2P1PPP1/1P3K1P/RNBQ2NR b kq - 0 9,d4e5
607,rn1qkb1r/pppbpp2/3p2pp/8/P5n1/N5PN/1PPPPP1P/1RBQKB1R w Kkq - 4 8,d4e5
608,r3kbn1/q6r/p1nppQ1p/PP4p1/1Pp1P1P1/N4b1P/R2PB3/2B1K1NR b K - 0 19,d4e5
610,rnbqk1nr/1ppp2bp/P3p1p1/5p2/2P3PP/4P3/P2P1P2/RNBQKBNR w KQkq - 0 8,d4e5
611,1r3bnr/pp1kp1Q1/n4p2/3p4/2p3b1/NP2B1P1/P1P1PP1P/R3KBNR w KQ - 0 12,d4e5
612,r2bknnr/p5pp/p1p1bpP1/8/3Pp3/P2PPP1N/1P2Q2P/RNB1K1R1 w Qkq - 1 21,d4e5
613,2bqk1r1/3pppb1/n4n1p/P1p2Pp1/2PP4/Nr2P2N/P3QKPP/R1B4R b - - 7 14,d5e4
614,rnb1kbnr/3pqp1p/pp2p1p1/2p5/P1P5/4P3/1PQP1PPP/RNB1KBNR w Kkq - 2 7,d4e5
615,2b1kb1r/pr1pp1pp/1pq4n/1Pp2pP1/Pn1P4/2P1PP2/1B4BP/RN1QK1NR w KQk - 1 13,d4e5
616,3rk1nr/ppp1pp1p/4b3/3pbPp1/2nP4/NP2N2P/P1P1PP2/R1BQKB1R b KQk - 4 12,d4e5
617,r1b3nr/1n3kp1/Bppq3p/4p3/1P1pPp2/1PPP2PP/3N1P2/R1BQKR2 w Q - 0 19,d4e5
618,rnb1kbnr/3p1p1p/1pp1pqp1/p4B2/8/2P1P3/PP1PKPPP/RNBQ2NR w kq - 2 7,d4e5
619,rnbqkb1r/1ppppp1p/B7/p5pn/1P4Q1/5P1N/P1PP2PP/RNB1K2R w KQkq - 1 7,d4e5
620,2kr2nr/pp2p2p/n5pb/3q1pPB/Pp1Pp2P/2N4b/2P2P2/RNBQK3 w - - 6 20,d4e5
622,r3q1nr/3bk2p/1p4p1/p1ppppP1/Pn3P2/NP1PP2P/1B1QK3/b4BNR b - - 5 24,d4e5
629,1r1qkb1r/1pp1n3/p2pb2p/3P1p2/P4K1p/8/nBP1PPP1/RN1Q1B1R b k - 4 16,e5d4
632,1r2k2r/p2b1pp1/q3p2p/2pp4/1Bp1n2P/2Q1PP2/P2PK1P1/RN3BNR w k - 0 15,d4e5
633,r1bq2nr/Bppkb1p1/4pQ2/1P1p3p/5PpP/n2P4/P1PNPK2/R4BNR b - - 1 21,d4e5
634,2k2bn1/4p1p1/1pn2p1r/1b1p3p/2PQ2B1/1p2P2P/rB1K2P1/3RN1NR b - - 2 24,d4e5
635,r2q1b1r/2pnkp1p/p2p4/5P2/PP3P1p/R2PP3/QP5R/4KNN1 w - - 0 19,d4e5
638,1rb2bnr/2k1p3/2p2ppp/1p6/p2P2B1/P2P1NP1/n1P2P1P/RNBK3R w - - 3 18,d4e5
639,rnb1k2r/p1p2ppp/5q1n/1p1ppP1P/P7/b2P3N/1PPKP1P1/RNB1QB1R b kq - 6 11,e4d5
640,rn3q2/p1pbkp1r/1p3n2/3pp1pp/5P1P/P1PPKNPB/1PQ1P3/R1B3R1 b - - 0 17,d4e5
642,rn1qkbnr/p1p1p2p/3p1pp1/1p5b/4P3/PPP2P2/1B1P2PP/RN1QKBNR w KQkq - 1 7,d4e5
643,rn2kbnr/6p1/p1pq3p/1p1ppb2/1P1P1P2/P1P1P3/2QBK1PP/RN4NR b q - 1 14,g4f3
645,rn1qkb2/pp2p2r/7n/1NPP1pP1/b5Pp/P2B4/2PP3P/R1BQK1NR b q - 0 15,d4e5
646,4kr2/2p2ppp/rp6/p2p2Q1/P1P5/N2qBP1P/1P4PK/R6R w - - 0 26,d4e5
648,r2Bkb1r/1b1p1Npp/1pn1p3/p2P4/P1p4n/8/1PPNPPPq/R1KQ1B1R w kq - 1 17,d4e5
649,rnbqk2r/pp3ppp/3ppn2/2p4P/1b6/5PPN/PPPPP3/RNBQKB1R w KQkq - 2 6,d4e5
651,1r2kbn1/1ppnp2r/p5pp/3N1P2/1P1p2PP/B1N2P2/P1bP3R/R1Q1KB2 w Q - 1 21,d4e5
653,1rb2k1r/ppp2pN1/Q1n2p2/2bpp3/4P3/1PP4q/P2PK2R/RNB2B2 w - - 4 25,d4e5
654,1nbq1br1/r1pkp3/5n2/pP3p2/5PNP/P1pp2PR/R2PP3/1NBQKB2 b - - 3 15,d4e5
656,r1b2k1r/3pq3/n4pp1/1Bp2N1p/Q3PB2/2N3P1/PP3P1P/R2R3K w - - 3 22,d4e5
662,rnb3k1/2pp4/pp4pr/5Q1p/1b2Pp2/N5NP/PPP5/R1B2nK1 w - - 3 21,d4e5
663,rnbqkbn1/ppppppp1/8/4P2p/2B3P1/6N1/PPPP1P1P/RNBQK2R w KQq - 1 7,d4e5
664,1rb1kbn1/3pp3/pqp4r/2pP2pp/1Pn1p2P/P6N/R1P2PP1/1NB1KB1R b K - 1 16,d4e5
666,rnb3r1/2kqb1p1/pp6/PPp3Pp/2PPPp1P/5P2/2Q5/RN2K1NR w K h6 0 25,d4e5
668,rnb4r/1p1kb1Bp/p1pP3n/5pp1/P5P1/3B3P/2PP3N/R1Q1K2R w KQ - 2 19,d4e5
671,2rk2nr/p1pp4/1pn1Pp2/7p/RPP3P1/4P3/1B1KP2P/1N3BNR w - - 0 25,d4e5
678,rn1qkb2/4pr2/p2p1p2/2p3pP/PPpP1Pbn/N3PN1P/2Q1K2R/R1B2B2 w q - 5 19,d4e5
679,r1b2b2/Pp1k1r2/n1pqp1p1/1QPNP1p1/8/P2p4/3P3P/1RB1KB1R b K - 3 24,d4e5
680,rnq2bnr/Npp1pkpp/5p2/3p4/3P2b1/2Q2N2/PPP1PPPP/R1B1KB1R b KQ - 6 7,d4e5
681,rnq2k1r/2pb1p2/p2p1n2/Pp2p1pp/1PB1PP2/R1P3QP/4K3/1NB3NR w - - 0 18,d4e5
682,1rb1kbr1/ppppq2p/n3pp2/3N2p1/2P2P1P/P2R4/1PQPPnP1/R1B1KBN1 b - - 3 11,d4e5
685,rnb1kbr1/pp5p/6p1/q1R2P1P/P2pp1n1/3P2R1/1PPKPP1N/1NB1QB2 w - - 1 17,d4e5
687,r2qkbnr/p1pbp2p/5p2/1B1pN1p1/PP1n4/R3P2P/2PN1PP1/2BQK2R b Kkq - 1 12,e3d5
688,r3kbr1/pppb1Np1/8/5p1P/4PB1R/nP1P1P2/R2P4/1N2K3 b - - 2 23,d4e5
692,rnb1kb1r/pp1qpppp/2pp4/8/4nP2/4PNPB/PPPP3P/RNBQK2R w KQkq - 1 6,d4e5
694,1n1k3r/r1pb3p/1p1PP1p1/p7/3P1p2/N3PNbB/PP1B1K2/4R2R w - - 0 25,d4e5
695,1rbq1b1r/1ppp3p/3k2pn/P3p3/2BP2PP/P3P3/R1PnKP2/1NBQ2R1 b - - 0 15,d4e5
697,rnbqkbnr/2p1ppp1/7p/pp1p2N1/P5P1/R7/1PPPPP1P/1NBQKB1R b Kkq - 0 7,d4e5
699,r1B2bnr/p4ppp/2nkb3/3pp3/p1PpP2P/5Q2/1P3PP1/RNB1K1NR b KQ - 0 15,d4e5
701,r2k1bnr/2n1p3/3p1pB1/p1p3P1/p1P1PP2/Rq4P1/3PK3/1NB3NR w - - 3 24,d4e5
702,r1bqkbnr/2p1p1p1/p1n5/1p1p1p1p/PPB3P1/4PN2/R1PPKP1P/1NBQ3R b kq - 1 9,d4e5
705,r1bBkb1r/pp3p1p/3p4/2p3p1/3pP3/1q1B1Nn1/PPP1QPPP/RN2K2R b KQkq - 1 11,d4e5
706,rn2k2r/pq1p1p1p/1p2p3/2p3N1/PPP1nPP1/3P2N1/bb5P/R1B1KB1R w kq - 0 21,d4e5
707,rn2k1r1/2qpppbp/b2B2p1/pp5n/3P4/P1N4P/1PP1PPP1/R1Q1KBNR w KQq - 3 10,d4e5
710,rnbq1bnr/1ppk1pp1/pQ5p/3pp3/P7/2P3P1/1P1PPP1P/RNB1KBNR w KQ - 1 6,d4e5
712,rnb1kbr1/pp1pp1pp/2p2p1Q/6q1/4P2n/7R/PPPPNPP1/1RB1KBN1 w q - 0 9,d4e5
713,r1bqkb2/pp1np1pr/2p4p/3p1pBn/8/P1PP3N/1P2PPPP/RN1QKBR1 w Qq - 2 9,d4e5
714,r1bqkbn1/1pppp1p1/6P1/p6r/PP4Pp/2PPpN2/RBQ2P2/1N3K1R b q - 1 17,d4e5
715,r1k4r/p4p1p/3b2pn/1p1NpP2/1pPp4/n5P1/PR1PP2P/3Q1BKR b - - 2 24,d4e5
716,2r2bnr/2Pkpp2/P6p/p2p2p1/6b1/NQ1q1NPP/P2PPPB1/R1B1K1R1 b Q - 6 16,d4e5
718,r1bn1bn1/Np2pppr/4k3/p1p1P1P1/q2p3p/P4P1P/1PPPB2R/1RBQK1N1 b - - 2 15,d4e5
719,r1b2bnr/p1p1pkpp/np6/3p1p2/1q1NP2P/PP6/2PP1PP1/RNBQKBR1 w Q - 1 8,d4e5
720,1nb5/rp2rk2/6p1/pPp1ppB1/2n1P2P/2P5/P5B1/1RK3NR w - - 0 26,d4e5
723,rnbqkb2/1pp1ppp1/5n1r/p2p1P1p/P2P4/4P3/1PP3PP/RNBQKBNR b KQq - 0 6,d4e5
724,1r3b1r/p1pp2pp/nP1kpq1n/5p2/PP2bPP1/R3P2B/3P3P/1NBQK1NR w K - 3 14,d4e5
725,2rq2k1/p1p1br2/n2p3n/P3pp1R/1p2b3/1PPP1N2/3K1PP1/RNBQ1B2 w - - 4 26,d4e5
728,rn3kBr/p2bn2p/2pp4/qPPPp1p1/4PP2/R6P/1PQ5/1NB2KNR b - - 0 19,d4e5
729,rnbq1bnr/pp1pk3/5pp1/2p4p/2P1pN2/N3P1P1/PP1P1P1P/1RBQKB1R w K - 0 10,d4e5
732,rq2kbn1/1p2ppp1/pP1p4/2p3Np/3PP1bP/N4rP1/1PP1BP1R/R1BQK3 b Q - 4 16,d4e5
733,2bqkb1r/r2p1ppp/1pn2n2/pBp1p1P1/PP2P3/2P4P/3P1P2/RNBQK1NR w KQk - 1 9,d4e5
735,rn1q1b1r/3k2p1/p1pP4/1p1n3p/1P2Pp1P/1bP2NP1/P1NK1P2/1R2BB1R b - - 8 24,d4e5
737,qn3b1r/r1p2pp1/3p1k1p/pp1b4/1P1P1Pn1/P1P3P1/1B1QP2P/1RN1KB1R w K - 2 25,e4d5
738,rn2kbnr/1pp2p1p/p2p2p1/4p1N1/6bP/P2PB3/NPP1PPP1/R2QKB1R b KQkq - 3 8,d4e5
742,rnb1Bknr/4qp1p/1p1P1b2/p1p5/P3p2P/2N1PpP1/1PPQ1R2/RNBK4 w - - 2 22,d4e5
743,r1b2q1r/pp1kppbp/n4n2/2pp1P2/2P3pP/P5PR/1P1PPK2/RNBQ1BN1 w - - 3 11,d4e5
744,r1b1kbr1/3ppppp/2n4n/1pp4P/p4Q2/P1P1P1q1/1P1PNPB1/RNB1K2R w KQq - 0 13,d4e5
745,rn1qkb2/p1p2pp1/1p3nr1/4pbBp/PPPPp3/2Q3PP/R2K2B1/1N2N2R b q - 5 23,d4e5
746,rnbq1b1r/ppk3pN/2pppp1n/7P/8/3P1P1P/PPP1P1B1/RNBQK2R b KQ - 0 9,d4e5
750,rn4k1/1p6/p4ppb/2p5/q1P3p1/1P1bP2r/3P4/RNB1KBNR w - - 0 21,d4e5
751,rnbq1bnr/pppkp2p/6p1/3pPp2/7P/N7/PPPP1PP1/R1BQKBNR b - - 0 6,d4e5
752,rn1k2n1/p1p2p1r/1p4p1/2Ppp3/1P2bB1P/P1NP1PP1/R3P2R/4KB2 b - - 0 24,d4e5
753,rnb2br1/1pq1k3/p1pp1p2/4p2p/PPPPK2P/B1Q2npR/4P1P1/R2N1B2 b - - 4 19,d4e5
755,1nb1kbnr/1pqppppp/r7/2p5/1p1PP3/1QP2P2/P5PP/RNB1KBNR w KQk - 1 7,d4e5
756,r1bqrk2/3n4/p1p2pnp/1p1ppNpP/1P6/N3P1P1/PBPP1PR1/R2QKB2 w Q - 1 19,d4e5
757,rn1qkbn1/pppbp3/3p1p1r/1Q5p/3P1PpP/P1P4R/1P2P1P1/RNB1KBN1 b Qq - 5 8,d4e5
759,1n1qkbn1/r3pp1r/Pppp4/5bN1/1p3PPp/R7/2PPP2P/2BQKB1R w K - 1 14,d4e5
760,1Qb1k1nr/rp5p/p2bp3/n4PpP/PP1p2P1/R2P1N2/5PB1/1q3RK1 b k - 2 25,d4e5
762,r1b1k2r/3pb1p1/1p1n1p1p/p1pNp3/8/1QP1P3/PB1PBK1N/1R5R w kq - 2 22,d4e5
765,rn2kb1r/1pp4p/p4pp1/8/1P2N1P1/4P3/P1PB1P2/R3K1NR w KQ - 0 16,d4e5
767,rnb1k2r/p4pp1/p1p1pn2/3p2bp/4P3/Q5PP/P1PP1P1R/qNBK2N1 w kq - 4 16,d4e5
770,2rqk2r/2p1np2/bpN2n2/p2p3p/1PP1pB2/P5PN/4PPBP/R1b1K1R1 w - - 0 25,d4e5
773,rnb1k1nr/ppqpbp1p/3p4/2p3p1/6P1/1P6/P1PPPP1P/R1BQKBNR w KQkq - 1 6,d4e5
774,1nbk4/1BppR2r/4p3/p1P3B1/p3N1P1/bP1P2n1/R3PPN1/Q2K4 w - - 2 26,d4e5
776,5bn1/1r1b1qkr/n1p2p2/2Bp3p/2P3PP/Np1pPP2/P4K2/2R2BNR w - - 2 26,d4e5
777,rnbbk2r/p4pp1/1pqpp1n1/1BQ5/3P4/P3PN1P/RpPB2PR/1N1K4 w - - 0 23,d4e5
778,rnbk1b2/1p1ppr2/2pq3p/7B/3P2p1/p1n1P1PN/P1PQ1P1P/RN3K1R w - - 0 19,d4e5
780,1nb1k3/1p1qbppr/2p5/1P1pp3/pP3PPp/4P3/R1PP1KRP/1NnQ1B2 w - - 2 25,d4e5
781,rn2k3/p1n1p2r/b4p2/2pp2Pp/P1B1P2P/2PR1N2/1B1P2P1/1N1QK2R w q - 0 23,d4e5
783,r2qkbnr/p2npppp/1p2b3/2p5/8/4P2P/PPP1QPP1/RNB1KBNR w kq - 1 9,d4e5
785,rnbq1bnr/pp1kp2p/3p2p1/2p2p2/8/BP5P/P1PPPPP1/RNQK1BNR w - - 2 6,d4e5
787,rn3bnr/1b1p2pp/p5k1/1ppNpp2/q2NPB1P/3P1Q2/PPP2PP1/R3KBR1 w Q - 6 13,d4e5
790,1rbqkbnr/ppp1pp2/1Q6/3p2np/P1PP3P/6PN/1P2P3/1RB1KBNR b Kk - 3 16,d4e5
791,r2q1b2/p1p1pk2/8/3p1Ppp/PnP1b1n1/2P1P3/1BNN1P1P/1R1KQBR1 b - - 1 23,d4e5
792,r1k5/1pp1bp2/3pp3/p2n2Pr/RQPP3P/1N3P1N/1P1B4/4KB1R w K - 5 22,d4e5
793,3qkb2/p1ppnp1r/b3p3/1rP4p/3P1B1p/P7/4P1P1/RQ2KBNR b K - 1 21,d4e5
795,r1b1kb1r/2p2qp1/p3pnnp/1p1p1p2/P2R3P/6P1/NPPPPP2/R1BQKBN1 b Qkq - 6 15,d4e5
796,rn1qkb1r/1bp2p2/p3p1pn/1N1p3p/2Q5/2P3P1/PP1PPPBP/R1B1K1NR b KQkq - 1 9,d4e5
797,rnb1k1nr/1p1p4/4p2p/p3b1pP/R3pqP1/2PPP2R/2Q1NP2/2B1KB2 w kq - 1 18,d4e5
798,rn2k2r/1p3b1p/p5pn/q1pppp2/P2P1P2/1P2P2P/R1P1KP1R/1NB2QN1 b kq - 4 19,d4e5
799,1rb1kbr1/pppp1ppp/5q2/3Np3/1P2P1Q1/4nP2/P1PPn1BP/RNB1K1R1 w Q - 3 15,d4e5
800,rn1k3r/2Nb1p2/5npB/P2pQ3/q1Pb2PP/P2P1P2/4P3/4KBNR w K - 1 19,d4e5
805,1nq1k1nr/rbpppp2/5b2/1N4p1/pQ6/2PP3P/PP1KP1P1/R1B2BNR b k - 1 14,d4e5
807,rnbqkbr1/1p1p1ppp/p7/2pPp1B1/P4Pn1/7P/1PP1P1P1/RN1QKBNR w KQq - 1 7,d4e5
810,2bqkb1r/1pppp3/3r3n/pP2PQp1/2P3p1/R4P1P/1P2P2R/2B1KBN1 w k - 0 20,d4e5
811,rnb1kbn1/4ppp1/2p2r2/1p1p3p/p2P1PqP/4K1NN/PPP1P1P1/R1B1QB1R b q - 4 13,d4e5
812,1n3bnr/1r2q1pp/p1B2p2/2pppkP1/1p1P1B1P/8/PPPKPP1R/RN3QN1 b - - 6 18,d4e5
816,1rb1kb1r/1ppp1ppp/7n/p1n1p1qP/8/2P2NP1/PP1PPP2/RNBQKB1R w KQk - 1 8,d4e5
818,5bnr/rp2qk1b/2pppp1p/1P2n3/p4pP1/P2PP2Q/2P3BP/1RBK1NNR w - - 0 19,d4e5
822,rnb1kbnr/1p1p4/5p2/1pp2p1p/1P2pP2/4P1qN/P1PPB1PP/1R1Q1RK1 b kq - 1 11,d4e5
823,rnbqkbnr/1p1p3p/2p1p1p1/2P2p2/p3P3/N2PB2N/PP2QPPP/R3KB1R w KQkq - 2 9,d4e5
825,r2kr3/1b1n3p/ppp2P1b/2qnp1p1/1PQPPP2/8/P1P4P/2KRBBNR b - - 0 18,d4e5
827,rnbqk1nr/3pppbp/p1p3p1/1p6/1PP1P3/3B1P1N/P2P2PP/RNBQK2R b KQkq - 3 6,d4e5
828,rnbq1bn1/2p2k1r/Pp6/P2p1p2/2P1Pp2/N2B2p1/R2PK1PP/2B3NR b - - 0 15,d4e5
829,1rbqkbnr/2pppp1p/5Np1/pp6/1n6/2P2P1N/PP1PP1PP/R1BQKBR1 b Qk - 1 7,d4e5
831,rnb1k1n1/2pp1p1p/p4B1q/1p2p3/4P3/b2P1P2/1PQ3PP/RN2KBNR b KQq - 1 11,d4e5
832,r1bnk3/p4pbr/6pp/P1ppP3/1np3P1/1R1P3N/1BP1P3/1N1QKB2 b q - 1 16,d4e5
834,r1bqkb1r/1p4pp/2nppn1N/pNp1P3/B4P2/B7/P1PP2PP/1R1Q1K1R b - - 1 16,d1e2
835,rnbqk1nr/p1pppp2/6pb/1pP3Bp/8/3P4/PP2PPPP/RNQ1KBNR b KQkq - 2 6,d4e5
836,1nb1k2r/rp1p3p/p1pq3n/2PNp1p1/1PP3p1/7P/P1Q1PP2/R1B1KBNR w k - 2 13,d4e5
837,r3k2r/p1p5/3bbP2/4p1p1/1P2B3/1Q1P4/PB1N3p/2R2K1R w - - 2 25,d4e5
840,r1nN4/p1kp2pr/b1nb3p/1B2pp2/2pqP1N1/2P1R2P/QP1P1PP1/2B1KR2 b - - 4 22,d4e5
843,1nbbn3/r1k2p2/1r2p3/p2p1Qpp/Np1P4/P3P2N/2PBK1PP/R6R b - - 5 24,d4e5
844,1n1k2nr/r4p2/bppp2qp/4p2B/2P1P3/NP1P2pP/8/R1BQK1NR b K - 3 22,d4e5
846,1rbr4/1np1k1p1/4p1K1/pp4BP/Pn1pP3/N6N/RPP4P/7R b - - 1 25,d4e5
847,r1bq1bnr/p2kpp1p/1p1p4/2pnP1p1/1P4PP/B2P4/P1P2P2/RN1QKBNR w KQ - 3 11,d4e5
848,1rb1kbnr/pp1p4/2n3pp/q4p2/Pp2PP2/3P4/2PNB1PP/1R1QK1NR b K - 1 13,d4e5
849,rn1qkbnr/ppp1p3/4bpp1/3p3p/1PB2P2/N1P1P3/P2P2PP/R1BQK1NR b KQkq - 1 6,d4e5
850,r2nbbn1/Pp3kpr/6Rp/2p1ppPP/8/q3P3/2PPQP1N/RNB1KB2 w Q - 0 25,c4d5
852,rq5r/2pbk1pp/n4p2/1pbQp1Nn/PpP5/4P2P/2RP1PP1/1NB1KB1R w K - 1 18,d4e5
854,r3kb1r/1ppn1p1p/5qpn/p2ppP2/7P/3P2Pb/PPP1P3/RNBQKBN1 w Qkq - 1 11,d4e5
856,1Bbqk2r/p2p3p/1p2p2n/1np2p2/2P3p1/1P1P3N/P2QPPPb/RN1K1B1R b k - 5 14,d4e5
858,1r4nr/2p1p1bp/q2pPkP1/p2P1p2/2P2B2/n1p2PP1/R3BK1R/6N1 w - - 0 26,d4e5
859,1nbk2n1/rp4pQ/5b1p/p1P1Np2/1p1pPB2/1R4P1/P1P3BP/3K2NR w - - 3 26,d4e5
860,3qkbnr/r1Qp1p1p/8/pp2p1p1/2P1b1P1/1P3N1P/P3PP2/R2NKB1R w k - 1 18,d4e5
861,rnb1qbnr/1p1kp2p/5p2/2P3p1/pP6/B6Q/P3PPPP/RN2KBR1 b Q - 2 13,d4e5
862,rn1q1bnr/pp3kpp/2p1p3/3P3B/5P2/P1PP4/1P3P1P/RNB2KNR b - - 2 13,d4e5
863,rk1q1b1r/n3p3/2p1N3/ppn2p2/1Pp1R3/P1P1PQP1/2NP1P2/R1B1K3 b - - 1 25,d4e5
864,1rbk1b1r/1pp1q1p1/2nP1Q1p/p4n2/P3pP2/2N4P/RP1P1KP1/2B2BNR w - - 0 17,d4e5
865,r4b2/nQp3pB/b2q1pr1/2P1pk2/3P1P1p/2N1P1PP/PP4R1/R1BK2N1 b - - 4 23,d4e5
869,r1bqk1nr/ppppb3/2n1pppp/8/P4NQ1/2NBP3/1PPP1PPP/1RB1K2R b Kkq - 5 8,d4e5
870,r1bk1bnr/p2n2pp/1p3p2/3pp3/1p3N1P/2PKP3/P2P1PPR/RNBQ1B2 b - - 1 12,d4e5
872,1rq1kbr1/1b2ppp1/2p4p/p2p2n1/n1P2PPP/pP1PP3/4R3/1NQB1KNR w - - 0 23,d4e5
873,rn2kbnr/1b1ppp1Q/6p1/1p6/2p1P3/qP3N2/PRPP1PPP/2B1KBR1 w kq - 0 11,d4e5
874,rn3b1r/4nk2/2pp4/pb2pPpp/1pP2P2/BP2KB1N/PN1QP2P/2R3R1 b - - 0 23,e7f6
875,r1bq1b2/1p1pk1pr/p6p/2pPp3/P3pPn1/NP4P1/R2P2KP/2B1QBNR w - - 0 17,d4e5
879,1n1qkbnr/1r1ppp1p/6p1/ppp4P/4bPP1/P1P4R/1P1PP1B1/RNBQK1N1 w Qk - 1 12,d4e5
881,1nb1qknr/2p4p/1r1p1pp1/pp6/4pNPN/b2PP3/RPPB1P1P/3QKB1R b K - 0 17,d4e5
882,rnbk1bn1/1B4pr/p2pp3/2p1P1Np/2Q5/6P1/1PPP3P/2R2K1R b - - 2 18,e4e5
883,r1bk1br1/pp2pppp/3p4/1q1n4/1Ppn4/8/PQPBPPPP/R2NKBNR w KQ - 0 12,d4e5
885,rnb1kbnr/1p1pp1p1/p4p1p/1Np3q1/P7/3BP1PN/1PPP1P1P/1RBQK2R b Kkq - 0 8,d4e5
888,1nk2b1r/1b3ppp/1Ppp4/3Pp3/r1P1n2Q/N6q/PBK1P1P1/R4BNR w - e6 0 19,d4e5
889,r1b1kbnr/pp3pp1/n1pp1q1p/3PB3/4p2P/2P5/PP2PPP1/RN1QKBNR w KQkq - 0 8,c4d5
890,rn2kbr1/pbqpp1p1/1pp2p2/3P3p/1PP2BnP/6P1/P3PP2/RNQ1KBNR b KQq - 2 11,d4e5
892,2Q2bnr/1rpq4/3k1p1p/3np1p1/1P2P3/7P/P2P1P1P/RNB1KBR1 b Q - 1 23,d4e5
895,r1b1kb1r/ppppn1pp/n3p3/7q/2P2p2/NP1P1P1P/PR2P1P1/2BQKBNR b Kkq - 2 8,d4e5
896,rn3b2/p2kpppr/5n2/qNp1p2p/P1PP3P/1p3b1K/RP2PPPR/2Q2BN1 b - - 4 20,d4e5
897,r2k1b1r/1pp1p1pp/p3bn2/P2p4/1n2p2N/R3P2B/NPPP2KP/2BQ3R b - - 3 18,d4e5
899,rnbkq2r/pp2n1p1/7p/1Pppp2P/3B2B1/5PPR/P1PPP3/RN1QK1N1 b Q - 2 14,d4e5
901,r1bqkbnr/2pp1pp1/1p2p3/p7/PnB1N3/1P2P2p/2PP1PPP/RNBQ1KR1 w q - 2 11,d4e5
902,1rq1kb2/2p1ppp1/2Rp3n/7p/n1NP1P2/4PNP1/1P4KP/2BQ3R w - - 1 21,d4e5
908,2bk2nr/r3p2N/pp4p1/1qpp1p1P/2n3P1/2PPP3/5P2/1NBQKBR1 b - - 0 19,d4e5
909,Bn3k2/2pp1p2/b2Ppr1P/pp4p1/7P/PK2n3/3QPP2/2B1b3 b - - 0 25,d4e5
911,rn1qkbn1/ppp1pppr/3p4/1P5p/3P3P/N6b/P1P1PPP1/R1BQKBNR w KQq - 2 7,d4e5
913,rn5r/1p1bkppp/p1p1pb1n/1N1p4/2PP4/PP5P/1QR1PKP1/5BNR b - - 5 19,d4e5
914,r1q4r/ppk1pp2/3pb2b/P1P4p/1PP2N2/2RK1P1p/1BQ1P1n1/1N3n2 w - - 0 23,d4e5
915,r2k2n1/6q1/2n3p1/pp4P1/P1pPp2P/2P1PNbb/1PN2P2/1RBK1B1R w - - 1 26,d4e5
916,r1bqkbr1/p1ppppp1/np6/1B1n2Np/1P2P3/5P2/P1PP2PP/RNBQK2R b KQq - 2 7,d4e5
918,rnb1k1nr/1p1pp1bR/2p5/p3q1p1/4P3/P1PB4/RP1P1PP1/1NBQK1N1 w kq - 1 10,d4e5
919,rnb3nr/p7/2q1k1p1/bp2p2p/P2pPP1P/3P4/1PP1KBP1/R5NR w - - 2 18,d4e5
920,r2nkbr1/p3p1pp/3pb3/2p5/nPN1P1P1/3P4/1PP2P1P/RNB2KR1 w - - 1 19,d4e5
923,rnb1k2r/3p1p2/2pqpn1p/P5p1/1pp5/2Q3PP/1R1PPP2/2BK1BNR w k - 1 17,d4e5
924,1rb1k2r/1p3pp1/pqp1p2p/1Q5n/BP2P3/P2PBn2/4KPPb/RN4NR b k - 3 18,d4e5
926,1rbq1b1r/1p1p1p2/pP3k2/P1p1ppNp/3P1P1P/2n1P1P1/1BP2K2/RN1Q3R b - - 0 17,d4e5
930,rnb1kbnr/p1ppq1p1/1p2Qp2/4p2p/4P3/3P3P/PPP2PP1/RNB1KBNR w KQkq - 0 6,d4e5
932,rnbq1r1k/1ppp4/p4pp1/2b1n2P/4pP2/P6P/RPPBQ1B1/1N3KNR b - - 1 16,d4e5
933,r1bk1bnr/p4Qp1/4B2p/nq1pp3/8/2P3P1/PP1PPP1P/RNB2KNR w - - 1 12,d4e5
934,3qkb1r/2pppp2/rpn5/Q2n3p/6p1/PP2N3/3NPPPP/R1B1KB1R w KQk - 1 17,d4e5
936,rnbr2k1/1p1pn3/p4p2/2p3pp/3PPqPP/PP3P1R/2P2KB1/R2NQ1N1 w - - 6 21,d4e5
940,rnb1kqnr/1p1p3p/2p1p3/pB3ppN/P7/2b1P3/1PPP1PPP/1RBQK2R b Kkq - 0 11,d4e5
941,r2qkb1r/2pnpppp/1p1p3n/p4b2/P1P5/8/1P1PPKPP/RNBQ1BNR w kq - 2 7,d4e5
942,rnqk1bn1/p3ppp1/3p3r/1p2P3/1P1P1P1p/4Rb2/2PQNKPP/BN2R3 w - - 8 21,d4e5
943,rnbqkb1r/ppp1pp1p/6n1/3P2p1/1P6/P4P2/R1PPN1PP/1NBQKB1R b Kkq - 0 7,d4e5
944,rnbk3b/p1pp4/1p1R1rPn/1q3p1p/1P3BP1/2P2N1P/P3PQ2/4KB1R b K - 2 20,d4e5
946,rnb1kb1r/p2ppp1p/4q3/1pp3p1/1PP1n3/1Q4P1/P2P1P1P/RNB1KBNR w KQq - 0 10,d4e5
947,r1n1k3/p2n2bp/6pP/1pPpp3/2QNprb1/2P3R1/PB1P1PB1/RN2K3 b Qq - 6 18,d4e5
949,1rb1k2r/1p1p1p2/1qnbpn1p/2B1P1p1/1p1P4/P4QP1/2P2PBP/RN2K1NR b KQk - 0 13,d4e5
951,r1bqkb1r/p1ppp1pp/1p5n/P3np2/Q1P1PP2/5N2/1P1P2PP/RNB1KB1R w KQkq - 0 8,d4e5
953,rnb1k1nr/1ppp1p2/6pp/p3p3/2P4P/b1N2PP1/PP1P1P2/R1BQKB1R b KQkq - 0 8,d4e5
954,r1bqkb1r/ppp1pppp/2n4n/3p4/P1B5/RP2P1P1/2PP1P1P/1NBQK1NR b Kk - 0 6,d4e5
955,1nbq1bnr/rpk1p3/2ppQ1pp/pP6/3P1p2/P4N1P/2PBPPPR/RN2KB2 w Q - 4 12,d4e5
956,r1bk1r2/p1qp1pp1/5n2/Ppb1Q3/1n1PP2P/RPBB1NPR/2PN1P2/4K3 w - - 1 23,d4e5
957,r1bqk1nr/p1p1p2p/2n3pb/1p1p1p2/2P1P1P1/1Q6/PP1PBP1P/RNB1K1NR w KQkq - 0 9,d4e5
958,1Nb1kr1N/3p3p/1n6/6p1/1b1p4/2P4q/P2BPP1P/R2QK2R b K - 1 21,d4e5
959,r1bqkbnr/1p1pp3/n4ppp/p1p5/P4PP1/2P1P3/1P1PQ2P/RNB1KBNR b KQkq - 2 7,d4e5
960,rnbq1b1r/3ppkpp/p4n2/1pp2p2/7P/4PN2/PPPP1PP1/RNBQKBR1 w Q - 2 7,d4e5
961,r2k1b2/q2b2rp/1p1P2pn/P1p5/3P2P1/4P2N/P3N2P/R1BK1BR1 w - - 3 23,d4e5
964,rnb2knr/pp5p/2ppp2b/q1P3BB/1P2P3/6pP/P1K2P2/RN1Q2NR b - - 2 15,d4e5
965,rn1q3r/p2k1pbp/b3p3/2ppP1p1/2P3PP/NP6/P2P1PQ1/R1B1K1NR w - - 1 21,d4e5
967,rnb1k1r1/1p2b3/2pP1p2/pNq1pn2/P3P1pp/6PP/1P1PKPR1/1RB1QBN1 w q - 0 19,d4e5
968,2b2r2/r2qnk2/pppp4/3Npp1P/4PB2/3P1P2/PPn2KB1/1R1Q2NR b - - 3 23,d4e5
970,2b4r/1pppkppp/r1n2n2/p3B3/1bP1P1Pq/2NP1P1P/P3K3/2RQ1BNR w - - 4 16,d4e5
972,1rbq1b1r/p2k4/np1p1p1p/2p1p1pB/5P2/PP1PB2P/2P2NP1/RNQK2R1 b - - 2 17,d4e5
973,rn3b1r/2p1kppp/7n/p2Qp3/P1P1P1b1/q1N2P2/RP1PN1PP/2BBK2R b - - 4 15,d4e5
975,r1r2k2/8/n1pR4/p5pp/pq1P2n1/2P1P3/1P2P1BP/1NB1K2R w K - 6 26,d4e5
978,rnbqkb1r/1pp3p1/p2p1n1p/3Pp3/2P5/PP2p3/4PPPP/RNB1KBNR w KQkq - 0 9,d4e5
979,rnk2b1r/1b1qp2p/1p3pp1/p1pp1n2/P3PP2/RP1P2PP/2PKB3/1NB2QNR w - - 1 13,d4e5
980,rnb1kbrn/pp2p3/2Nq3p/5p2/1P1pPP1P/2P3PR/P2P2B1/R1BQK1N1 w Qq - 2 17,d4e5
981,rn1qk1n1/3bpp1r/2p4b/pp1p2pp/2P1B1PP/P4Q2/NP1PPP2/R1B2KNR b q - 2 12,d4e5
982,r2k1br1/2pnp1pp/qp3p1n/p2p3P/P1P2P1N/RP4P1/3N1K2/3Q1b1R b - - 2 21,d4e5
986,3qkbnr/r3p1p1/n1ppN2p/pp3p2/2P1b2P/P2PPP2/NP2B1P1/R1BQK2R b KQ - 1 14,d4e5
988,rnb2knr/2pp1pp1/pp5p/4p3/3P4/N2QP1q1/1PP2PPP/R1B1KB1R b - - 2 10,d4e5
990,rn3bnr/pkq1p1pp/1p3p2/2pp1b2/2P3P1/3PP3/PP3PBP/R1BNK1NR w KQ - 0 13,d4e5
991,rnbqkb1r/ppp1pppp/3p4/8/4n3/2N1PNP1/PPPPBP1P/R1BQK2R w KQkq - 7 6,d4e5
992,rn1k1bnr/1p5p/3PQNp1/p1p1p1B1/1q5P/8/PPp1PPP1/R3KB1R w KQ - 0 18,d4e5
997,3rk1n1/2pq1p1r/pQ4pp/1p1p4/P5bP/1P1P1P1N/1B1NP1P1/2KR1B1R b - - 10 24,d4e5
998,r4kn1/2p2qpr/2n2p2/pBbpP1P1/4P1bP/N1P5/PP1P4/RNB1K2R w KQ - 0 20,d4e5
